Company Name,Country,Company Segment,Website URL
ACG Associated Capsules Pvt. Ltd.,India,Pharmaceutical Manufacturing,acg-world.com
"ACS Tex Co., Ltd.",Thailand,Raw Materials & Chemicals,acstex.co.th
Acto GmbH,Germany,Biotechnology,acto.de
Alkaloids Private Limited,India,Pharmaceutical Ingredients,alkaloids-india.com
Amgis Lifescience Ltd.,India,Pharmaceutical Manufacturing,amgislifesciences.com
"Anhui Qingyun Pharmaceutical and Chemical Co., Ltd.",China,Pharmaceutical Ingredients,qingyunpharm.com
"Anhui Tedia High Purity Solvents Co., Ltd.",China,Raw Materials & Chemicals,tedia.com
Apex Healthcare Limited,India,Healthcare Services,apexhealthcare.com
Aptar Pharma India Pvt. Ltd.,India,Pharmaceutical Packaging,aptar.com
"Argotex Co., Ltd.",Thailand,Raw Materials & Chemicals,argotex.co.th
Atulya Medilink Pvt. Ltd.,India,Medical Devices,atulyamedilink.com
Auro Laboratories Limited,India,Pharmaceutical Manufacturing,aurolabs.com
"Autopack Co., Ltd.",Thailand,Packaging Machinery,autopack.com
"Autran Biotech Co., Ltd.",China,Biotechnology,autranbiotech.com
Bal Pharma Limited,India,Pharmaceutical Manufacturing,balpharma.com
Balland Messe-Service GmbH,Germany,Trade Show Services,balland-messe.de
Baltacon,Latvia,Pharmaceutical Ingredients,baltacon.com
Bangkok Lab and Cosmetic Public Company Limited,Thailand,Cosmetics & Pharmaceuticals,bangkoklab.com
"BCWorld Pharm Co., Ltd.",Korea,Pharmaceutical Manufacturing,bcworld.co.kr
Becton Dickinson Holdings Pte. Ltd,Singapore,Medical Devices,bd.com
Belco Pharma,India,Pharmaceutical Manufacturing,belcopharma.com
Biesterfeld International (Thailand) Ltd.,Thailand,Raw Materials & Chemicals,biesterfeld.com
Biozenta Lifescience Pvt. Ltd.,India,Biotechnology,biozenta.com
Bloomage Biotechnology Corporation Limited,China,Biotechnology,bloomagebio.com
"Breathgreen Pharmaceutical Co., Ltd.",China,Pharmaceutical Ingredients,breathgreen.com
Brenntag Ingredients (Thailand) Public Company Limited,Thailand,Raw Materials & Chemicals,brenntag.com
Bry-Air (Asia) Pvt. Ltd.,India,Environmental Control Solutions,bryair.com
"Capsule Products Co., Ltd.",Thailand,Pharmaceutical Packaging,capsuleproducts.co.th
"Caregen Co., Ltd.",Korea,Biotechnology,caregen.co.kr
"Careplusone Co., Ltd.",Korea,Pharmaceutical Ingredients,careplusone.co.kr
"Changchun GeneScience Pharmaceutical Co., Ltd.",China,Pharmaceutical Manufacturing,genescience.com
"Changde Yungang Biotechnology Co., Ltd.",China,Biotechnology,yungangbio.com
"Changzhou Qianhong Bio-Pharma Co., Ltd.",China,Biotechnology,qianhongbio.com
"Changzhou Sunlight Pharmaceutical Co., Ltd.",China,Pharmaceutical Manufacturing,sunlightpharma.com
Chaturong Cooling Limited Partnership,Thailand,Environmental Control Solutions,chaturongcooling.com
Chemische Fabrik Berg GmbH,Germany,Pharmaceutical Ingredients,cf-berg.de
"Chemyouth Life Science (Suzhou) Co., Ltd.",China,Biotechnology,chemyouth.com
"Chengdu Brilliant Pharmaceutical Co., Ltd.",China,Pharmaceutical Manufacturing,brilliantpharm.com
"Chengdu Kanghua Biological Products Co., Ltd.",China,Biotechnology,kanghuabio.com
"Chengdu Yanzhong Bio-Pharmaceutical Co., Ltd.",China,Biotechnology,yanzhongbio.com
"China Resources Double-Crane Pharmaceutical Co., Ltd.",China,Pharmaceutical Manufacturing,double-crane.com
"Chongqing Chinabase Import & Export Co., Ltd.",China,Raw Materials & Chemicals,chinabase.com
Cleanroom Industries SDN BHD,Malaysia,Environmental Control Solutions,cleanroomindustries.com
Community Pharmacy Public Company Limited,Thailand,Healthcare Services,communitypharmacy.co.th
"Contec Cleanroom Technology (Suzhou) Co., Ltd.",China,Environmental Control Solutions,contecinc.com
CPPC,Thailand,Pharmaceutical Manufacturing,cppc.co.th
CSPC,China,Pharmaceutical Manufacturing,cspc.com
CurTec,Netherlands,Packaging Solutions,curtec.com
Dickson,Malaysia,Environmental Control Solutions,dickson.com
Disch AG,Switzerland,Pharmaceutical Ingredients,disch.ch
"Dongkook Pharmaceutical Co., Ltd.",Korea,Pharmaceutical Manufacturing,dongkook.com
Dott. Bonapace & C. SRL,Italy,Pharmaceutical Machinery,bonapace.com
"Eastern Herb Co., Ltd.",Thailand,Herbal Products,easternherb.co.th
"E-Cell Co., Ltd.",Korea,Biotechnology,e-cell.co.kr
Eminence International Limited,Thailand,Raw Materials & Chemicals,eminence-international.com
"Entech SL Co., Ltd.",Italy,Environmental Control Solutions,entechsl.com
"ESM Co., Ltd. (Head Office)",Thailand,Medical Devices,esmthailand.com
Ethica Industri Farmasi,Indonesia,Pharmaceutical Manufacturing,ethica.co.id
Everest Organics Ltd.,India,Pharmaceutical Manufacturing,everestorganicsltd.com
EverZinc Belgium SA,Belgium,Raw Materials & Chemicals,everzinc.com
Farmak International,Vietnam,Pharmaceutical Manufacturing,farmak.vn
"Farmasino Pharmaceuticals (Anhui) Co., Ltd.",China,Pharmaceutical Manufacturing,farmasino.com
Filterfine (Thailand) Company Limited,Thailand,Environmental Control Solutions,filterfine.co.th
Flexi-Pack Limited,Thailand,Packaging Solutions,flexi-pack.com
"Foshan Zhongjing Purification Equipment Co., Ltd.",China,Environmental Control Solutions,zhongjingpurification.com
FR Chem Private Limited,India,Raw Materials & Chemicals,frchem.com
"Fuan Pharmaceutical Group Yantai Justaware Pharmaceutical Co., Ltd.",China,Pharmaceutical Manufacturing,fuanpharma.com
"Fujian Comhony Biotechnology Co., Ltd.",China,Biotechnology,comhony.com
"Fujian Cosunter Pharmaceutical Co., Ltd.",China,Pharmaceutical Manufacturing,cosunter.com
Gangwal Healthcare Private Limited,India,Healthcare Services,gangwalhealthcare.com
GenoHope Biotech Ltd.,China,Biotechnology,genohope.com
Genovior Biotech Corporation,Taiwan,Biotechnology,genovior.com
"GK Finechem Co., Ltd.",Thailand,Raw Materials & Chemicals,gkfinechem.com
Global Cleanrooms Pty Ltd.,Australia,Environmental Control Solutions,globalcleanrooms.com
"Global Starway Synergy Co., Ltd.",China,Raw Materials & Chemicals,globalstarway.com
"Greater Pharma Co., Ltd.",Thailand,Pharmaceutical Manufacturing,greaterpharma.com
Growequal,India,Pharmaceutical Ingredients,growequal.com
Gufic Biosciences Limited,China,Pharmaceutical Manufacturing,gufic.com
"Guizhou Chienyeh Pharmaceutical Packaging Co., Ltd.",China,Pharmaceutical Packaging,chienyeh.com
Halewood Laboratories Pvt. Ltd.,India,Pharmaceutical Manufacturing,halewoodlabs.com
"Hangzhou Dawn Ray Pharmaceutical Co., Ltd.",China,Pharmaceutical Manufacturing,dawnraypharm.com
"Hangzhou ICH Biofarm Co., Ltd.",China,Biotechnology,ichbiofarm.com
"Hangzhou Kingbo Pharmatech Co., Ltd.",China,Pharmaceutical Manufacturing,kingbopharma.com
"Hangzhou Maytime Bio-Tech Co., Ltd.",China,Biotechnology,maytimebio.com
"Hangzhou Sartort Biopharma Co., Ltd.",China,Biotechnology,sartort.com
Hawo GmbH,Germany,Packaging Machinery,hawo.com
"Hebei First Rubber Medical Technology Co., Ltd.",China,Medical Devices,firstrubber.com
Hiya Healthcare Private Limited,India,Healthcare Services,hiyahealthcare.com
"Huangshan Bonsun Pharmaceuticals Co., Ltd.",China,Pharmaceutical Manufacturing,bonsunpharma.com
"Huaren Pharmaceutical Co., Ltd.",China,Pharmaceutical Manufacturing,huarenpharma.com
"Huayi Pharmaceutical (Anhui) Co., Ltd.",China,Pharmaceutical Manufacturing,huayipharm.com
"Hubei Huarun Technology Co., Ltd.",China,Pharmaceutical Ingredients,huaruntechnology.com
"Hubei Humanwell Pharmaceutical Excipients Co., Ltd.",China,Pharmaceutical Ingredients,humanwell.com
"Hubei Sanjing Biotechnology Co., Ltd.",China,Biotechnology,sanjingbio.com
"Hunan Dongting Pharmaceutical Co., Ltd.",China,Pharmaceutical Manufacturing,dongtingpharma.com
"Hunan Jiudian Hongyang Pharmaceutical Co., Ltd.",China,Pharmaceutical Manufacturing,jiudianhongyang.com
"Hunan Kibing Pharmaceutical Material Technology Co., Ltd.",China,Pharmaceutical Ingredients,kibingpharma.com
"Hunan Yuantong Pharmaceutical Co., Ltd.",China,Pharmaceutical Manufacturing,yuantongpharma.com
"I.M.E. Revolution Co., Ltd.",Thailand,Raw Materials & Chemicals,imerevolution.com
IMA Pacific Company Limited,Thailand,Pharmaceutical Machinery,imapacific.com
Indosol Exports,India,Raw Materials & Chemicals,indosolexports.com
Innate S.R.L.,Italy,Biotechnology,innatesrl.com
Innovative Healthcare India Private Limited,India,Healthcare Services,innovativehealthcare.in
"Innovative Instrument Co., Ltd.",Thailand,Medical Devices,innovativeinstrument.co.th
"Inora Pharmaceutical Machinery Co., Ltd.",Taiwan,Pharmaceutical Machinery,inora.com.tw
"Inpac Pharma Co., Ltd.",Thailand,Pharmaceutical Manufacturing,inpacpharma.co.th
"Inter Express Logistics Co., Ltd.",Thailand,Logistics & Supply Chain,interexpresslogistics.co.th
IQVIA,Thailand,Healthcare Services,iqvia.com
"Jeil Pharmaceutical Co., Ltd.",Korea,Pharmaceutical Manufacturing,jeilpharm.co.kr
"Jet8 (Thailand) Co., Ltd.",Thailand,Raw Materials & Chemicals,jet8.co.th
"Jiahe Biotech Co., Ltd.",China,Biotechnology,jiahebiotech.com
"Ji'an Zhongxiang Natural Plants Co., Ltd.",China,Herbal Products,naturalplants.cn
"Jiangsu Dawning Pharmaceutical Co., Ltd.",China,Pharmaceutical Manufacturing,dawningpharma.com
"Jiangsu Fuxinhuakang Packaging Material Co., Ltd.",China,Pharmaceutical Packaging,fuxinhuakang.com
"Jiangsu Simcere Pharmaceutical Co., Ltd.",China,Pharmaceutical Manufacturing,simcere.com
"Jiangxi Alpha Hi-Tech Pharmaceutical Co., Ltd.",China,Pharmaceutical Manufacturing,alpha-hi-tech.com
"Jiangxi Chunguang New Materials Technology Co., Ltd.",China,Raw Materials & Chemicals,chunguangnm.com
"Jiangxi Yatai Pharmaceutical Packaging Co., Ltd.",China,Pharmaceutical Packaging,yataipack.com
"Jinzhou Bentian Pharmaceutical Co., Ltd.",China,Pharmaceutical Manufacturing,bentianpharma.com
JSC Lekhim,Ukraine,Pharmaceutical Manufacturing,lekhim.ua
K A Malle Pharmaceuticals Ltd.,India,Pharmaceutical Manufacturing,kamallepharma.com
"Kexing Biopharm Co., Ltd.",China,Biotechnology,kexingbiopharm.com
KHIDI,Korea,Healthcare Services,khidi.or.kr
Klockner Pentaplast (Thailand) Ltd.,Thailand,Packaging Solutions,kpfilms.com
"Kunming Jida Pharmaceutical Co., Ltd.",China,Pharmaceutical Manufacturing,jidapharma.com
"Lactomason Co., Ltd.",Korea,Biotechnology,lactomason.com
Lactonova Nutripharm Pvt. Ltd.,India,Nutraceuticals,lactonova.com
Lake Chemicals Pvt. Ltd.,India,Raw Materials & Chemicals,lakechemicals.com
Lambda Biologics GmbH,Germany,Biotechnology,lambda-biologics.com
Leco Instruments (Thailand) Ltd.,Thailand,Scientific Instruments,leco.com
LGC Standards,UK,Quality Assurance,lgcstandards.com
"Liaoning North Peak Pharmaceutical Co., Ltd.",China,Pharmaceutical Manufacturing,northpeakpharm.com
"Liaoyang Tengyuan Biotechnology Co., Ltd.",China,Biotechnology,tengyuanbio.com
Linaria Chemical (Thailand) Limited,Thailand,Raw Materials & Chemicals,linariachemical.co.th
"Lonza (Thailand) Co., Ltd.",Thailand,Biotechnology,lonza.com
LPPOM,Indonesia,Certification Services,halalmui.org
"Luoxin Pharmaceutical Group Stock Co., Ltd.",China,Pharmaceutical Manufacturing,luoxin.cn
"Medica Korea Co., Ltd.",Korea,Medical Devices,medicakorea.com
Meeka Pharmacare Ltd.,Bangladesh,Pharmaceutical Manufacturing,meekapharma.com
Metrochem API Pvt. Ltd.,India,Pharmaceutical Ingredients,metrochemapi.com
MH Multipack,Malaysia,Packaging Solutions,mhmultipack.com
Moehs Iberica S.L.,Spain,Pharmaceutical Ingredients,moehs.com
Motherson Health & Medical,India,Healthcare Services,motherson.com
Multani Pharmaceuticals Ltd.,India,Herbal Products,multanipharma.com
Murli Krishna Exports Pvt. Ltd.,India,Pharmaceutical Ingredients,murlikrishna.com
"N.R. Industries Co., Ltd.",Thailand,Raw Materials & Chemicals,nrindustries.co.th
"Nanjing Dorra Pharmaceutical Technology Co., Ltd.",China,Pharmaceutical Manufacturing,dorrapharma.com
"Nanjing Joyin Pharmachem Co., Ltd.",China,Pharmaceutical Ingredients,joyinpharm.com
"Nanjing Tianhua Technology Development Co., Ltd.",China,Pharmaceutical Ingredients,tianhuatech.com
"Nanyang Runtang Trading Co., Ltd.",China,Raw Materials & Chemicals,runtangtrading.com
Naprod Life Sciences Pvt. Ltd.,India,Pharmaceutical Manufacturing,naprodgroup.com
Nature Gift Vitamin LLC,USA,Nutraceuticals,naturegiftvitamin.com
NCPC International Corp,China,Pharmaceutical Manufacturing,ncpc.com
Neon Laboratories Ltd.,India,Pharmaceutical Manufacturing,neonlabs.com
Next Wave (India),India,Biotechnology,nextwaveindia.com
"Ningbo Dahongying Pharmaceutical Co., Ltd.",China,Pharmaceutical Manufacturing,dhpharm.com
"Nippon Eirich Co., Ltd.",Japan,Pharmaceutical Machinery,eirich.jp
Nipro Pharmapackaging International N.V.,Belgium,Pharmaceutical Packaging,nipro-pharma.com
Nira Life Sciences Private Limited,India,Pharmaceutical Ingredients,niralifesciences.com
Nishchem International Pvt. Ltd.,India,Raw Materials & Chemicals,nishchem.com
"Official Equipment Manufacturing Co., Ltd.",Thailand,Pharmaceutical Machinery,officialequipment.com
OLIC (Thailand) Limited,Thailand,Pharmaceutical Manufacturing,olic-thailand.com
"Optus Pharmaceutical Co., Ltd.",Korea,Pharmaceutical Manufacturing,optuspharma.com
"P.R. Chemicals Ltd., Part / P.R. Vet-Chem Company Limited",Thailand,Raw Materials & Chemicals,prchemicals.com
Pan-Biotech GmbH,Germany,Biotechnology,pan-biotech.de
Perfect Care Manufacturing SRL,Romania,Pharmaceutical Manufacturing,perfectcare.ro
Pond's Chemical Thailand R.O.P.,Thailand,Raw Materials & Chemicals,pondschemical.com
Pratistha Pharma Pvt. Ltd.,India,Pharmaceutical Manufacturing,pratisthapharma.com
Praveen Laboratories Pvt. Ltd.,India,Pharmaceutical Manufacturing,praveenlabs.com
"Prestige Biologics Co., Ltd.",Korea,Biotechnology,prestigebiologics.co.kr
PT. Altinex Punch and Die Division,Indonesia,Pharmaceutical Machinery,altinex.co.id
PT. Compotec International,Indonesia,Raw Materials & Chemicals,compotec.co.id
Pure Flavour GmbH,Germany,Raw Materials & Chemicals,pureflavour.com
"Qilu Pharmaceutical Co., Ltd.",China,Pharmaceutical Manufacturing,qilu-pharma.com
"Qingdao Jiulong Biopharmaceutical Co., Ltd.",China,Biotechnology,jiulongbio.com
"Quilong Refrigeration Electrical Engineering Technology Co., Ltd.",Vietnam,Environmental Control Solutions,quilong.com
"Reaxo Pharma & Chem Co., Ltd.",Thailand,Pharmaceutical Ingredients,reaxo.com
Renolit Hansen Packaging Tech. (BJ) Ltd.,China,Pharmaceutical Packaging,renolit.com
"Reyoung Pharmaceutical Co., Ltd.",China,Pharmaceutical Manufacturing,reyoungpharma.com
"Rieckermann (Thailand) Co., Ltd.",Thailand,Pharmaceutical Machinery,rieckermann.com
Rommelag AG,Switzerland,Pharmaceutical Packaging,rommelag.com
Rossari Biotech Limited,India,Biotechnology,rossari.com
Sabiha Research & Development,India,Biotechnology,sabiha.com
"Sanner Pharmaceutical & Medical Packaging Materials (Kunshan) Co., Ltd.",Indonesia,Pharmaceutical Packaging,sanner-group.com
"SCIPACK Co., Ltd.",Thailand,Pharmaceutical Packaging,scipack.co.th
"Selcon Co., Ltd.",Thailand,Environmental Control Solutions,selcon.co.th
"Seven Stars Pharmaceutical Co., Ltd.",Thailand,Pharmaceutical Manufacturing,sevenstarspharma.com
SGH Medical Pharma,France,Pharmaceutical Manufacturing,sghmedical.com
SGS Vitrology Limited,Scotland,Biotechnology,sgs.com
"Shaanxi Bodie Plastic Co., Ltd.",China,Pharmaceutical Packaging,bodieplastic.com
"Shaanxi Hongda Phytochmistry Co., Ltd.",China,Biotechnology,hongdapharm.com
Shamrock Pharmachemi Pvt. Ltd.,India,Pharmaceutical Ingredients,shamrockpharmachemi.com
"Shandong Charming Chemical Equipment Co., Ltd.",China,Pharmaceutical Machinery,charmingchem.com
"Shandong Eton New Material Co., Ltd.",China,Pharmaceutical Ingredients,etonchem.com
"Shandong Huazhilin Pharmaceutical Technology Co., Ltd.",China,Pharmaceutical Manufacturing,huazhilin.com
"Shandong Lukang Pharmaceutical Co., Ltd.",China,Pharmaceutical Manufacturing,lukangpharma.com
"Shandong NewTime Pharmaceutical Co., Ltd.",China,Pharmaceutical Manufacturing,newtimepharma.com
"Shandong Pharmaceutical Glass Co., Ltd.",China,Pharmaceutical Packaging,spglass.com
"Shandong Topscience Biotech Co., Ltd.",China,Biotechnology,topscience.com
"Shandong Ujoin Medical Technology Co., Ltd.",China,Medical Devices,ujoinmed.com
"Shandong Weitai Fine Chemical Co., Ltd.",China,Raw Materials & Chemicals,withechemical.com
"Shanghai Haishun New Pharmaceutical Packaging Co., Ltd.",China,Pharmaceutical Packaging,haishunpacking.com
"Shanghai Huamao Pharmaceutical Co., Ltd.",China,Pharmaceutical Manufacturing,huamaopharma.com
"Shanghai Hua-Rui Aerosol Co., Ltd.",China,Pharmaceutical Manufacturing,hr-aerosol.com
"Shanghai Reliance Machinery Co., Ltd.",China,Pharmaceutical Machinery,reliancemachinery.com
"Shanghai Serum Biological Technology Co., Ltd.",China,Biotechnology,serum-tech.com
"Shanghai Sunrise Chemical Co., Ltd.",China,Raw Materials & Chemicals,sunrisechem.com
"Shanghai Tajilin Industrial Co., Ltd.",China,Pharmaceutical Machinery,tajilin.com
"Shenzhen Bestfoil Material Technology Co., Ltd.",China,Raw Materials & Chemicals,bestfoil.cn
"Shenzhen Ruixin Co., Ltd.",China,Pharmaceutical Ingredients,szruixin.com
"Shijiazhuang No. 4 Pharmaceutical Co., Ltd.",China,Pharmaceutical Manufacturing,sjz4pharma.com
"Sichuan Deebio Pharmaceutical Co., Ltd.",China,Biotechnology,deebio.com
"Sichuan Hui Li Industry Co., Ltd.",China,Pharmaceutical Manufacturing,huili.com
"Sichuan Huiyu Pharmaceutical Co., Ltd.",China,Pharmaceutical Manufacturing,huiyupharma.com
"Sichuan Neijiang Huixin Pharmaceutical Co., Ltd.",China,Pharmaceutical Manufacturing,huixinpharma.com
"Sichuan Xieli Pharmaceutical Co., Ltd.",China,Pharmaceutical Manufacturing,xielipharm.com
Simat Label,Thailand,Pharmaceutical Packaging,simatlabel.com
"Sinobright Pharma Co., Ltd.",China,Pharmaceutical Manufacturing,sinobrightpharma.com
"Sinoped Liaoyang Co., Ltd.",China,Pharmaceutical Machinery,sinoped.com
Sinotherapeutics Inc.,China,Biotechnology,sinotherapeutics.com
"Sinsin Pharmaceutical Co., Ltd.",Korea,Pharmaceutical Manufacturing,sinsinpharm.com
"Sithiporn Associates Co., Ltd.",Thailand,Scientific Instruments,sithiporn.com
SNJ Labs Pvt. Ltd.,India,Pharmaceutical Manufacturing,snjlabs.com
Sohan Healthcare Pvt. Ltd.,India,Pharmaceutical Manufacturing,sohanhealthcare.com
"SPD Biotech Co., Ltd.",Thailand,Biotechnology,spd-biotech.com
Spear Pack Pvt. Ltd.,India,Pharmaceutical Packaging,spearpack.com
Steerlife India Pvt. Ltd.,India,Pharmaceutical Manufacturing,steerlife.com
Stevanato Group,Italy,Pharmaceutical Packaging,stevanatogroup.com
"Summit Chemical Co., Ltd.",Thailand,Raw Materials & Chemicals,summitchemical.com
"Suzhou Yike New Creation Scientific Instrument Co., Ltd.",China,Scientific Instruments,szyike.com
Swiss Parenterals Limited,India,Pharmaceutical Manufacturing,swissparenterals.com
Synergie Alliance Pte Ltd.,Singapore,Pharmaceutical Ingredients,synergiealliance.com
"T.Man Pharma Co., Ltd.",Thailand,Pharmaceutical Manufacturing,tmanpharma.com
Technoflex,France,Pharmaceutical Packaging,technoflex.net
Terumo Europe NV,Belgium,Medical Devices,terumo-europe.com
Thanyanon Trading,Thailand,Raw Materials & Chemicals,thanyanon.com
The Government Pharmaceutical Organization,Thailand,Pharmaceutical Manufacturing,gpo.or.th
"Tianjin Kingyork Kingdroy International Trading Co., Ltd.",China,Raw Materials & Chemicals,kingyork.com
"Tianshui Huayuan Machinery Technology Co., Ltd.",China,Pharmaceutical Machinery,huayuanmachine.com
Titan Pharmaplus Pvt. Ltd.,India,Pharmaceutical Manufacturing,titanpharmaplus.com
"Tri Solution Co., Ltd.",Thailand,Raw Materials & Chemicals,trisolution.co.th
Tubepac Sdn. Bhd.,Malaysia,Pharmaceutical Packaging,tubepac.com
"U&V Holding (Thailand) Co., Ltd.",Thailand,Raw Materials & Chemicals,uvholding.com
"U.P.E. Engineering Co., Ltd.",Thailand,Pharmaceutical Machinery,upe-eng.com
Union Drug Labs. Ltd.,Thailand,Pharmaceutical Manufacturing,uniondrug.com
"Unique Industrial Products Co., Ltd.",Thailand,Pharmaceutical Ingredients,uniqueproducts.co.th
"United Pharma Industries Co., Ltd.",China,Pharmaceutical Manufacturing,unitedpharma.cn
Universal Medicap Ltd.,India,Pharmaceutical Packaging,universalmedicap.com
Vamsi Labs Ltd.,India,Pharmaceutical Manufacturing,vamsilabs.com
"Vazyme Biotech Co., Ltd.",China,Biotechnology,vazyme.com
Viridian Nutrition,UK,Nutraceuticals,viridian-nutrition.com
Wai Fat Pharmaceutical Company Limited,China,Pharmaceutical Manufacturing,waifatpharm.com
"Wanbang Biopharmaceuticals Co., Ltd.",China,Biotechnology,wanbangbiopharma.com
"Wanbangde Pharmaceutical Group Co., Ltd.",China,Pharmaceutical Manufacturing,wanbangde.cn
"Weihai Lianqiao New Material Science & Technology Co., Ltd.",China,Raw Materials & Chemicals,lianqiaochina.com
Wisesorbent Technology LLC,USA,Packaging Solutions,wisesorbent.com
"Wooshin Labottach Co., Ltd.",Korea,Pharmaceutical Manufacturing,wooshinmed.com
"Wuhan Wuyao Pharmaceutical Co., Ltd.",China,Pharmaceutical Manufacturing,wuyaopharm.com
"Xiamen Bioendo Technology Co., Ltd.",China,Biotechnology,bioendo.com
"Xiangbei Welman Pharmaceutical Co., Ltd.",China,Pharmaceutical Manufacturing,welmanpharma.com
"Xinxing Aurora Biotechnology Co., Ltd.",China,Biotechnology,aurorabio.cn
"Yenchen Machinery (Thailand) Co., Ltd.",Thailand,Pharmaceutical Machinery,yenchen.com.tw
"Yingcheng Hengtian Pharmaceutical Packaging Co., Ltd.",China,Pharmaceutical Packaging,hengtianpackaging.com
Zenji Pharmaceuticals (Suzhou) Ltd.,China,Pharmaceutical Manufacturing,zenjipharma.com
Zenzi Pharmaceutical Industries Private Limited,India,Pharmaceutical Manufacturing,zenzpharma.com
"Zhejiang Guobang Pharmaceutical Co., Ltd.",China,Pharmaceutical Manufacturing,guobangpharma.com
"Zhejiang Hisoar Pharmaceutical Co., Ltd.",China,Pharmaceutical Manufacturing,hisoarpharma.com
"Zhejiang Hisun Pharmaceutical Co., Ltd.",China,Pharmaceutical Manufacturing,hisunpharm.com
"Zhejiang Hongyuan Pharmaceutical Co., Ltd.",China,Pharmaceutical Manufacturing,hongyuanpharm.com
"Zhejiang Huayi Pharmaceutical Co., Ltd.",China,Pharmaceutical Manufacturing,huayipharm.com
"Zhejiang Jiangbei Pharmaceutical Co., Ltd.",China,Pharmaceutical Manufacturing,jiangbeipharm.com
"Zhejiang Jiangnan Pharmaceutical Machinery Co., Ltd.",China,Pharmaceutical Machinery,jiangnanpharma.com
"Zhejiang Jingxin Pharmaceutical Co., Ltd.",China,Pharmaceutical Manufacturing,jingxinpharm.com
"Zhejiang Kexing Automatic Equipment Co., Ltd.",China,Pharmaceutical Machinery,kexing.com.cn
Zhejiang Langhua Pharma & Ningbo Nuobai Pharm,China,Pharmaceutical Manufacturing,langhuapharma.com
"Zhejiang Lepu Pharmaceutical Co., Ltd.",China,Pharmaceutical Manufacturing,lepu.com.cn
"Zhejiang Novus Pharmaceuticals Co., Ltd.",China,Pharmaceutical Manufacturing,novuspharma.com
"Zhejiang Shuangzi Intelligent Equipment Co., Ltd.",China,Pharmaceutical Machinery,shuangzi.com.cn
"Zhejiang Tailin Scitech Co., Ltd.",China,Pharmaceutical Machinery,tailin.com
"Zhejiang Tianyu Pharmaceutical Co., Ltd.",China,Pharmaceutical Manufacturing,tianyuchem.com
"Zhenjiang Gaopeng Pharmaceutical Co., Ltd.",China,Pharmaceutical Manufacturing,gaopengpharma.com
"Zibo Zhongnan Pharmaceutical Packaging Materials Co., Ltd.",China,Pharmaceutical Packaging,zhongnanpackaging.com